feature,weight,threshold
Close,0.06309722448364219,1.0
Volume,0.6611509296181884,0.49065358499512673
SMA_20,0.8282206356417876,0.06637510212024761
SMA_50,0.05014254978531622,0.0
SMA_200,0.09872267191259965,0.08193561170248297
RSI,0.5878084082611926,0.7086981108571649
MACD,0.7669922450712231,1.0
Signal,1.0,0.699578166247391
BB_Upper,0.0,0.7106032740019959
BB_Lower,0.32254222170408114,0.3885354069522925
Daily_Return,0.6088611077822363,0.0
Volume_Change,0.6982863351902895,0.4976828931567701
